zip5,county_fips,planning_region_name
6001,09110,Capitol Planning Region
6002,09110,Capitol Planning Region
6010,09140,Naugatuck Valley Planning Region
6013,09160,Northwest Hills Planning Region
6016,09110,Capitol Planning Region
6018,09160,Northwest Hills Planning Region
6019,09110,Capitol Planning Region
6020,09110,Capitol Planning Region
6021,09160,Northwest Hills Planning Region
6022,09110,Capitol Planning Region
6023,09110,Capitol Planning Region
6024,09160,Northwest Hills Planning Region
6026,09110,Capitol Planning Region
6027,09160,Northwest Hills Planning Region
6029,09110,Capitol Planning Region
6031,09160,Northwest Hills Planning Region
6032,09110,Capitol Planning Region
6033,09110,Capitol Planning Region
6035,09110,Capitol Planning Region
6037,09110,Capitol Planning Region
6039,09160,Northwest Hills Planning Region
6040,09110,Capitol Planning Region
6042,09110,Capitol Planning Region
6043,09110,Capitol Planning Region
6051,09110,Capitol Planning Region
6052,09110,Capitol Planning Region
6053,09110,Capitol Planning Region
6057,09160,Northwest Hills Planning Region
6058,09160,Northwest Hills Planning Region
6059,09110,Capitol Planning Region
6060,09110,Capitol Planning Region
6061,09160,Northwest Hills Planning Region
6062,09110,Capitol Planning Region
6063,09160,Northwest Hills Planning Region
6065,09160,Northwest Hills Planning Region
6066,09110,Capitol Planning Region
6067,09110,Capitol Planning Region
6068,09160,Northwest Hills Planning Region
6069,09160,Northwest Hills Planning Region
6070,09110,Capitol Planning Region
6071,09110,Capitol Planning Region
6072,09110,Capitol Planning Region
6073,09110,Capitol Planning Region
6074,09110,Capitol Planning Region
6076,09110,Capitol Planning Region
6078,09110,Capitol Planning Region
6079,09160,Northwest Hills Planning Region
6080,09110,Capitol Planning Region
6081,09110,Capitol Planning Region
6082,09110,Capitol Planning Region
6084,09110,Capitol Planning Region
6085,09110,Capitol Planning Region
6088,09110,Capitol Planning Region
6089,09110,Capitol Planning Region
6090,09110,Capitol Planning Region
6091,09160,Northwest Hills Planning Region
6092,09110,Capitol Planning Region
6093,09110,Capitol Planning Region
6095,09110,Capitol Planning Region
6096,09110,Capitol Planning Region
6098,09160,Northwest Hills Planning Region
6103,09110,Capitol Planning Region
6105,09110,Capitol Planning Region
6106,09110,Capitol Planning Region
6107,09110,Capitol Planning Region
6108,09110,Capitol Planning Region
6109,09110,Capitol Planning Region
6110,09110,Capitol Planning Region
6111,09110,Capitol Planning Region
6112,09110,Capitol Planning Region
6114,09110,Capitol Planning Region
6117,09110,Capitol Planning Region
6118,09110,Capitol Planning Region
6119,09110,Capitol Planning Region
6120,09110,Capitol Planning Region
6226,09180,Southeastern Connecticut Planning Region
6231,09110,Capitol Planning Region
6232,09110,Capitol Planning Region
6234,09150,Northeastern Connecticut Planning Region
6235,09150,Northeastern Connecticut Planning Region
6237,09110,Capitol Planning Region
6238,09110,Capitol Planning Region
6239,09150,Northeastern Connecticut Planning Region
6241,09150,Northeastern Connecticut Planning Region
6242,09150,Northeastern Connecticut Planning Region
6243,09150,Northeastern Connecticut Planning Region
6247,09150,Northeastern Connecticut Planning Region
6248,09110,Capitol Planning Region
6249,09180,Southeastern Connecticut Planning Region
6250,09110,Capitol Planning Region
6254,09180,Southeastern Connecticut Planning Region
6255,09150,Northeastern Connecticut Planning Region
6256,09180,Southeastern Connecticut Planning Region
6258,09150,Northeastern Connecticut Planning Region
6259,09150,Northeastern Connecticut Planning Region
6260,09150,Northeastern Connecticut Planning Region
6262,09150,Northeastern Connecticut Planning Region
6263,09150,Northeastern Connecticut Planning Region
6264,09150,Northeastern Connecticut Planning Region
6266,09180,Southeastern Connecticut Planning Region
6268,09110,Capitol Planning Region
6269,09110,Capitol Planning Region
6277,09150,Northeastern Connecticut Planning Region
6278,09150,Northeastern Connecticut Planning Region
6279,09110,Capitol Planning Region
6280,09180,Southeastern Connecticut Planning Region
6281,09150,Northeastern Connecticut Planning Region
6282,09150,Northeastern Connecticut Planning Region
6320,09180,Southeastern Connecticut Planning Region
6330,09180,Southeastern Connecticut Planning Region
6331,09150,Northeastern Connecticut Planning Region
6332,09150,Northeastern Connecticut Planning Region
6333,09180,Southeastern Connecticut Planning Region
6334,09180,Southeastern Connecticut Planning Region
6335,09180,Southeastern Connecticut Planning Region
6336,09180,Southeastern Connecticut Planning Region
6338,09180,Southeastern Connecticut Planning Region
6339,09180,Southeastern Connecticut Planning Region
6340,09180,Southeastern Connecticut Planning Region
6350,09180,Southeastern Connecticut Planning Region
6351,09180,Southeastern Connecticut Planning Region
6353,09180,Southeastern Connecticut Planning Region
6354,09150,Northeastern Connecticut Planning Region
6355,09180,Southeastern Connecticut Planning Region
6357,09180,Southeastern Connecticut Planning Region
6359,09180,Southeastern Connecticut Planning Region
6360,09180,Southeastern Connecticut Planning Region
6365,09180,Southeastern Connecticut Planning Region
6370,09180,Southeastern Connecticut Planning Region
6371,09130,Lower Connecticut River Valley Planning Region
6373,09150,Northeastern Connecticut Planning Region
6374,09150,Northeastern Connecticut Planning Region
6375,09180,Southeastern Connecticut Planning Region
6376,09130,Lower Connecticut River Valley Planning Region
6377,09150,Northeastern Connecticut Planning Region
6378,09180,Southeastern Connecticut Planning Region
6379,09180,Southeastern Connecticut Planning Region
6380,09180,Southeastern Connecticut Planning Region
6382,09180,Southeastern Connecticut Planning Region
6384,09150,Northeastern Connecticut Planning Region
6385,09180,Southeastern Connecticut Planning Region
6387,09150,Northeastern Connecticut Planning Region
6389,09180,Southeastern Connecticut Planning Region
6390,09180,Southeastern Connecticut Planning Region
6401,09140,Naugatuck Valley Planning Region
6403,09140,Naugatuck Valley Planning Region
6405,09170,South Central Connecticut Planning Region
6409,09130,Lower Connecticut River Valley Planning Region
6410,09140,Naugatuck Valley Planning Region
6412,09130,Lower Connecticut River Valley Planning Region
6413,09130,Lower Connecticut River Valley Planning Region
6414,09130,Lower Connecticut River Valley Planning Region
6415,09180,Southeastern Connecticut Planning Region
6416,09130,Lower Connecticut River Valley Planning Region
6417,09130,Lower Connecticut River Valley Planning Region
6418,09140,Naugatuck Valley Planning Region
6419,09130,Lower Connecticut River Valley Planning Region
6420,09180,Southeastern Connecticut Planning Region
6422,09130,Lower Connecticut River Valley Planning Region
6423,09130,Lower Connecticut River Valley Planning Region
6424,09130,Lower Connecticut River Valley Planning Region
6426,09130,Lower Connecticut River Valley Planning Region
6437,09170,South Central Connecticut Planning Region
6438,09130,Lower Connecticut River Valley Planning Region
6439,09130,Lower Connecticut River Valley Planning Region
6441,09130,Lower Connecticut River Valley Planning Region
6442,09130,Lower Connecticut River Valley Planning Region
6443,09170,South Central Connecticut Planning Region
6444,09110,Capitol Planning Region
6447,09110,Capitol Planning Region
6450,09170,South Central Connecticut Planning Region
6451,09170,South Central Connecticut Planning Region
6455,09130,Lower Connecticut River Valley Planning Region
6456,09130,Lower Connecticut River Valley Planning Region
6457,09130,Lower Connecticut River Valley Planning Region
6459,09130,Lower Connecticut River Valley Planning Region
6460,09170,South Central Connecticut Planning Region
6461,09170,South Central Connecticut Planning Region
6467,09110,Capitol Planning Region
6468,09120,Greater Bridgeport Planning Region
6469,09130,Lower Connecticut River Valley Planning Region
6470,09190,Western Connecticut Planning Region
6471,09170,South Central Connecticut Planning Region
6472,09170,South Central Connecticut Planning Region
6473,09170,South Central Connecticut Planning Region
6475,09130,Lower Connecticut River Valley Planning Region
6477,09170,South Central Connecticut Planning Region
6478,09140,Naugatuck Valley Planning Region
6479,09110,Capitol Planning Region
6480,09130,Lower Connecticut River Valley Planning Region
6481,09130,Lower Connecticut River Valley Planning Region
6482,09190,Western Connecticut Planning Region
6483,09140,Naugatuck Valley Planning Region
6484,09140,Naugatuck Valley Planning Region
6488,09140,Naugatuck Valley Planning Region
6489,09110,Capitol Planning Region
6492,09170,South Central Connecticut Planning Region
6498,09130,Lower Connecticut River Valley Planning Region
6510,09170,South Central Connecticut Planning Region
6511,09170,South Central Connecticut Planning Region
6512,09170,South Central Connecticut Planning Region
6513,09170,South Central Connecticut Planning Region
6514,09170,South Central Connecticut Planning Region
6515,09170,South Central Connecticut Planning Region
6516,09170,South Central Connecticut Planning Region
6517,09170,South Central Connecticut Planning Region
6518,09170,South Central Connecticut Planning Region
6519,09170,South Central Connecticut Planning Region
6524,09170,South Central Connecticut Planning Region
6525,09170,South Central Connecticut Planning Region
6604,09120,Greater Bridgeport Planning Region
6605,09120,Greater Bridgeport Planning Region
6606,09120,Greater Bridgeport Planning Region
6607,09120,Greater Bridgeport Planning Region
6608,09120,Greater Bridgeport Planning Region
6610,09120,Greater Bridgeport Planning Region
6611,09120,Greater Bridgeport Planning Region
6612,09120,Greater Bridgeport Planning Region
6614,09120,Greater Bridgeport Planning Region
6615,09120,Greater Bridgeport Planning Region
6702,09140,Naugatuck Valley Planning Region
6704,09140,Naugatuck Valley Planning Region
6705,09140,Naugatuck Valley Planning Region
6706,09140,Naugatuck Valley Planning Region
6708,09140,Naugatuck Valley Planning Region
6710,09140,Naugatuck Valley Planning Region
6712,09140,Naugatuck Valley Planning Region
6716,09140,Naugatuck Valley Planning Region
6750,09160,Northwest Hills Planning Region
6751,09140,Naugatuck Valley Planning Region
6752,09190,Western Connecticut Planning Region
6753,09160,Northwest Hills Planning Region
6754,09160,Northwest Hills Planning Region
6755,09190,Western Connecticut Planning Region
6756,09160,Northwest Hills Planning Region
6757,09160,Northwest Hills Planning Region
6758,09160,Northwest Hills Planning Region
6759,09160,Northwest Hills Planning Region
6762,09140,Naugatuck Valley Planning Region
6763,09160,Northwest Hills Planning Region
6770,09140,Naugatuck Valley Planning Region
6776,09190,Western Connecticut Planning Region
6777,09160,Northwest Hills Planning Region
6778,09160,Northwest Hills Planning Region
6779,09140,Naugatuck Valley Planning Region
6782,09140,Naugatuck Valley Planning Region
6783,09160,Northwest Hills Planning Region
6784,09190,Western Connecticut Planning Region
6785,09160,Northwest Hills Planning Region
6786,09140,Naugatuck Valley Planning Region
6787,09140,Naugatuck Valley Planning Region
6790,09160,Northwest Hills Planning Region
6791,09160,Northwest Hills Planning Region
6793,09160,Northwest Hills Planning Region
6794,09160,Northwest Hills Planning Region
6795,09140,Naugatuck Valley Planning Region
6796,09160,Northwest Hills Planning Region
6798,09140,Naugatuck Valley Planning Region
6801,09190,Western Connecticut Planning Region
6804,09190,Western Connecticut Planning Region
6807,09190,Western Connecticut Planning Region
6810,09190,Western Connecticut Planning Region
6811,09190,Western Connecticut Planning Region
6812,09190,Western Connecticut Planning Region
6820,09190,Western Connecticut Planning Region
6824,09120,Greater Bridgeport Planning Region
6825,09120,Greater Bridgeport Planning Region
6830,09190,Western Connecticut Planning Region
6831,09190,Western Connecticut Planning Region
6840,09190,Western Connecticut Planning Region
6850,09190,Western Connecticut Planning Region
6851,09190,Western Connecticut Planning Region
6853,09190,Western Connecticut Planning Region
6854,09190,Western Connecticut Planning Region
6855,09190,Western Connecticut Planning Region
6870,09190,Western Connecticut Planning Region
6877,09190,Western Connecticut Planning Region
6878,09190,Western Connecticut Planning Region
6880,09190,Western Connecticut Planning Region
6883,09190,Western Connecticut Planning Region
6890,09120,Greater Bridgeport Planning Region
6896,09190,Western Connecticut Planning Region
6897,09190,Western Connecticut Planning Region
6901,09190,Western Connecticut Planning Region
6902,09190,Western Connecticut Planning Region
6903,09190,Western Connecticut Planning Region
6905,09190,Western Connecticut Planning Region
6906,09190,Western Connecticut Planning Region
6907,09190,Western Connecticut Planning Region
