practice_state,state_name,provider_count,state_population,providers_per_100k,predicted_provider_density,residual,risk_score,risk_tier,supply_gap,risk_rank,taxonomy_diversity,recent_provider_growth
AK,Alaska,372,734821.0,50.624573875814654,36.966102632967704,13.65847124284695,3.9,well_served,0.0,49,2.6551724137931036,22.0
AL,Alabama,1077,5028092.0,21.41965580582058,27.525261345510444,-6.105605539689865,90.2,high_risk,6.105605539689865,5,2.265151515151515,65.0
AR,Arkansas,619,3018669.0,20.50572619919574,25.77332686427917,-5.267600665083432,88.2,high_risk,5.267600665083432,6,2.21978021978022,24.0
AZ,Arizona,1991,7172282.0,27.75964469885596,37.61113126746295,-9.85148656860699,96.1,high_risk,9.85148656860699,2,2.901554404145078,136.0
CA,California,10413,39356104.0,26.458411635460667,24.56326749864138,1.8951441368192867,29.4,adequate,0.0,36,2.8145077720207254,376.0
CO,Colorado,2370,5770790.0,41.068900445173014,39.68120881966706,1.3876916255059513,37.3,adequate,0.0,32,2.9895833333333335,163.0
CT,Connecticut,1364,3611317.0,37.770154212438285,37.62954089399,0.1406133184482882,41.2,adequate,0.0,30,2.9224806201550386,49.0
DC,District of Columbia,451,670587.0,67.25450985479885,51.56037286472974,15.694136990069111,2.0,well_served,0.0,50,3.4642857142857144,18.0
DE,Delaware,346,993635.0,34.82163973692553,38.441878278470085,-3.620238541544552,74.5,high_risk,3.620238541544552,13,2.90625,15.0
FL,Florida,6693,21634529.0,30.936656859966767,30.87203959282533,0.0646172671414362,43.1,adequate,0.0,29,2.8849840255591053,410.0
GA,Georgia,3360,10722325.0,31.336487189112436,36.19061664241826,-4.854129453305827,82.4,high_risk,4.854129453305827,9,2.961267605633803,196.0
HI,Hawaii,501,1450589.0,34.53769468815771,32.92852860861649,1.6091660795412182,33.3,adequate,0.0,34,2.511111111111111,38.0
IA,Iowa,740,3188836.0,23.205959792225123,25.826947631142048,-2.6209878389169248,62.7,moderate_risk,2.6209878389169248,19,2.2110091743119265,55.0
ID,Idaho,514,1854109.0,27.722210506502048,30.60501021138225,-2.8827997048802025,64.7,moderate_risk,2.8827997048802025,18,2.3181818181818183,46.0
IL,Illinois,3771,12757634.0,29.55877241814587,29.844233554764287,-0.2854611366184159,47.1,adequate,0.2854611366184159,27,2.7,225.0
IN,Indiana,1771,6784403.0,26.10399175874429,29.94081831629046,-3.8368265575461713,76.5,high_risk,3.8368265575461713,12,2.5588235294117645,90.0
KS,Kansas,698,2935922.0,23.77447357252679,28.573922190037138,-4.799448617510347,80.4,high_risk,4.799448617510347,10,2.3,55.0
KY,Kentucky,1120,4502935.0,24.872666383147877,26.766988215384572,-1.8943218322366953,54.9,moderate_risk,1.8943218322366953,23,2.3093525179856114,51.0
LA,Louisiana,1222,4640546.0,26.333108216145256,28.88815704705803,-2.5550488309127743,60.8,moderate_risk,2.5550488309127743,20,2.422222222222222,67.0
MA,Massachusetts,2523,6984205.0,36.12436920164858,31.83506266386121,4.289306537787368,15.7,well_served,0.0,43,2.6188524590163933,116.0
MD,Maryland,2356,6161707.0,38.23615761022067,40.6717417443092,-2.435584134088529,58.8,moderate_risk,2.435584134088529,21,3.10989010989011,303.0
ME,Maine,511,1366949.0,37.382521220616134,27.24170878120094,10.140812439415193,5.9,well_served,0.0,48,2.236842105263158,25.0
MI,Michigan,3377,10057921.0,33.57552718896878,27.171359744821075,6.404167444147703,9.8,well_served,0.0,46,2.5074626865671643,258.0
MN,Minnesota,1801,5695292.0,31.622610394690916,28.205930071901093,3.416680322789823,19.6,well_served,0.0,41,2.3655913978494625,125.0
MO,Missouri,1829,6154422.0,29.71846909425451,27.219108744338428,2.4993603499160812,25.5,adequate,0.0,38,2.319371727748691,120.0
MS,Mississippi,648,2958846.0,21.90043010011335,29.46225379819134,-7.5618236980779905,94.1,high_risk,7.5618236980779905,3,2.3780487804878048,38.0
MT,Montana,377,1091840.0,34.52886869871043,30.09113763524556,4.437731063464874,13.7,well_served,0.0,44,2.3958333333333335,19.0
NC,North Carolina,3368,10470214.0,32.167441849803645,33.38608777484842,-1.2186459250447754,49.0,moderate_risk,1.2186459250447754,26,2.772893772893773,204.0
ND,North Dakota,167,776874.0,21.49640739682368,26.70740472997295,-5.210997333149269,86.3,high_risk,5.210997333149269,7,2.227272727272727,5.0
NE,Nebraska,507,1958939.0,25.881357204078327,33.27813482819465,-7.396777624116325,92.2,high_risk,7.396777624116325,4,2.5,49.0
NH,New Hampshire,561,1379610.0,40.66366581860091,31.867693051888185,8.79597276671273,7.8,well_served,0.0,47,2.5185185185185186,24.0
NJ,New Jersey,3036,9249063.0,32.82494670000626,32.795549409306204,0.0293972907000537,45.1,adequate,0.0,28,2.7868852459016393,163.0
NM,New Mexico,781,2112463.0,36.971061741673104,35.35551924728543,1.6155424943876753,31.4,adequate,0.0,35,2.736842105263158,44.0
NV,Nevada,701,3104817.0,22.577820206472715,37.30866188563641,-14.730841679163696,98.0,high_risk,14.730841679163696,1,2.753623188405797,35.0
NY,New York,7171,19994379.0,35.86507988070047,33.728484035004385,2.1365958456960854,27.5,adequate,0.0,37,3.0530035335689045,311.0
OH,Ohio,3402,11774683.0,28.89249757297076,30.624616262794916,-1.732118689824155,52.9,moderate_risk,1.732118689824155,24,2.6572237960339944,167.0
OK,Oklahoma,923,3970497.0,23.24646007791971,26.200287733929144,-2.953827656009434,66.7,moderate_risk,2.953827656009434,17,2.2142857142857144,43.0
OR,Oregon,1624,4229374.0,38.398117546473785,35.353865592482634,3.04425195399115,21.6,well_served,0.0,40,2.713235294117647,73.0
PA,Pennsylvania,4201,12989208.0,32.34223364503825,27.272399145610507,5.069834499427742,11.8,well_served,0.0,45,2.548235294117647,260.0
RI,Rhode Island,431,1094250.0,39.3877084761252,44.11732319050725,-4.729614714382052,78.4,high_risk,4.729614714382052,11,3.1379310344827585,20.0
SC,South Carolina,1480,5142750.0,28.77837732730543,33.92773761963463,-5.149360292329195,84.3,high_risk,5.149360292329195,8,2.7401574803149606,127.0
SD,South Dakota,209,890342.0,23.474125673055973,19.861022763368055,3.6131029096879175,17.6,well_served,0.0,42,1.8214285714285712,8.0
TN,Tennessee,1962,6923772.0,28.337154949643057,29.715806587006227,-1.37865163736317,51.0,moderate_risk,1.37865163736317,25,2.4454976303317535,149.0
TX,Texas,7704,29243342.0,26.344458167606152,23.520474745115735,2.823983422490418,23.5,well_served,0.0,39,2.6034236804564905,429.0
UT,Utah,1010,3283809.0,30.75696546297303,34.34571498218611,-3.588749519213078,72.5,moderate_risk,3.588749519213078,14,2.5555555555555554,85.0
VA,Virginia,2667,8624511.0,30.92349235800151,33.94868966448166,-3.025197306480152,68.6,moderate_risk,3.025197306480152,16,2.7709923664122136,227.0
VT,Vermont,311,643816.0,48.30572710215341,28.728974243733777,19.57675285841964,0.0,well_served,0.0,51,2.2916666666666665,14.0
WA,Washington,2425,7688549.0,31.540411591315863,34.723224996702356,-3.1828134053864936,70.6,moderate_risk,3.1828134053864936,15,2.725225225225225,121.0
WI,Wisconsin,1498,5882128.0,25.466973857080298,23.927945248673495,1.5390286084068023,35.3,adequate,0.0,33,2.1401869158878504,104.0
WV,West Virginia,436,1792967.0,24.31723506344511,23.17044108377013,1.1467939796749818,39.2,adequate,0.0,31,2.039473684210526,26.0
WY,Wyoming,154,577929.0,26.646871847579895,28.8070683936171,-2.1601965460372057,56.9,moderate_risk,2.1601965460372057,22,2.3448275862068964,7.0
