practice_state,state_name,cluster,cluster_label,providers_per_100k,taxonomy_diversity,recent_growth_per_100k,avg_provider_enum_year
AK,Alaska,2,high_supply,50.624573875814654,2.6551724137931036,2.993926412010544,2012.632329066187
AL,Alabama,1,low_supply,21.41965580582058,2.265151515151515,1.2927368870736653,2012.0660137021232
AR,Arkansas,1,low_supply,20.50572619919574,2.21978021978022,0.7950523889833565,2010.428625548348
AZ,Arizona,2,high_supply,27.75964469885596,2.901554404145078,1.8961886886209998,2011.71290411484
CA,California,1,low_supply,26.458411635460667,2.8145077720207254,0.9553791198437731,2011.0979507896816
CO,Colorado,2,high_supply,41.068900445173014,2.9895833333333335,2.8245699462291993,2011.9725327642748
CT,Connecticut,1,low_supply,37.770154212438285,2.9224806201550386,1.3568457158427245,2009.7915591844903
DC,District of Columbia,2,high_supply,67.25450985479885,3.4642857142857144,2.684215470923236,2012.2162456796975
DE,Delaware,1,low_supply,34.82163973692553,2.90625,1.5096086591152686,2009.8469828090008
FL,Florida,2,high_supply,30.936656859966767,2.8849840255591053,1.8951186781094242,2011.8814186086215
GA,Georgia,1,low_supply,31.336487189112436,2.961267605633803,1.8279617526982253,2010.7939270104569
HI,Hawaii,2,high_supply,34.53769468815771,2.511111111111111,2.6196255452095665,2011.7477181153984
IA,Iowa,1,low_supply,23.205959792225123,2.2110091743119265,1.7247672818545703,2010.956683311568
ID,Idaho,2,high_supply,27.722210506502048,2.3181818181818183,2.4809760375468755,2012.9995228430537
IL,Illinois,1,low_supply,29.55877241814587,2.7,1.7636499056172956,2010.282416522371
IN,Indiana,1,low_supply,26.10399175874429,2.5588235294117645,1.3265721390666207,2010.048794304459
KS,Kansas,1,low_supply,23.77447357252679,2.3,1.873346771474174,2011.8564868496596
KY,Kentucky,1,low_supply,24.872666383147877,2.3093525179856114,1.1325946299469123,2010.440443821661
LA,Louisiana,1,low_supply,26.333108216145256,2.422222222222222,1.4437956223254764,2010.6436776429175
MA,Massachusetts,1,low_supply,36.12436920164858,2.6188524590163933,1.660890538006831,2010.9920639511176
MD,Maryland,2,high_supply,38.23615761022067,3.10989010989011,4.917468487222778,2012.328196780085
ME,Maine,1,low_supply,37.382521220616134,2.236842105263158,1.828890470675936,2011.0712926018657
MI,Michigan,1,low_supply,33.57552718896878,2.5074626865671643,2.565142438482068,2010.7995367402332
MN,Minnesota,2,high_supply,31.622610394690916,2.3655913978494625,2.194795280031296,2011.74059028468
MO,Missouri,1,low_supply,29.71846909425451,2.319371727748691,1.9498175458231497,2011.686953259661
MS,Mississippi,1,low_supply,21.90043010011335,2.3780487804878048,1.284284481179487,2011.215079723912
MT,Montana,1,low_supply,34.52886869871043,2.3958333333333335,1.7401817116060962,2010.8703263505856
NC,North Carolina,2,high_supply,32.167441849803645,2.772893772893773,1.9483842450593656,2011.4383992252024
ND,North Dakota,1,low_supply,21.49640739682368,2.227272727272727,0.6436050118809485,2010.4297628969289
NE,Nebraska,2,high_supply,25.881357204078327,2.5,2.5013540493093456,2012.4526857340013
NH,New Hampshire,1,low_supply,40.66366581860091,2.5185185185185186,1.7396220671059213,2010.552954241689
NJ,New Jersey,1,low_supply,32.82494670000626,2.7868852459016393,1.7623406825102175,2010.079035725436
NM,New Mexico,1,low_supply,36.971061741673104,2.736842105263158,2.0828767178407386,2010.4223490455893
NV,Nevada,1,low_supply,22.577820206472715,2.753623188405797,1.1272806094529886,2011.9725212012563
NY,New York,1,low_supply,35.86507988070047,3.0530035335689045,1.555437155612585,2010.384919509155
OH,Ohio,1,low_supply,28.89249757297076,2.6572237960339944,1.418297205962997,2010.933454099082
OK,Oklahoma,1,low_supply,23.24646007791971,2.2142857142857144,1.0829878476170616,2011.2734419461856
OR,Oregon,2,high_supply,38.398117546473785,2.713235294117647,1.7260237567072576,2011.532163328852
PA,Pennsylvania,1,low_supply,32.34223364503825,2.548235294117647,2.001661687148285,2010.921853452619
RI,Rhode Island,2,high_supply,39.3877084761252,3.1379310344827585,1.8277358921635822,2011.1350459972305
SC,South Carolina,1,low_supply,28.77837732730543,2.7401574803149606,2.4694958922755337,2010.5565831196352
SD,South Dakota,1,low_supply,23.474125673055973,1.8214285714285712,0.8985311262413769,2011.0736082871515
TN,Tennessee,2,high_supply,28.337154949643057,2.4454976303317535,2.1520061608036776,2012.2329333543908
TX,Texas,1,low_supply,26.344458167606152,2.6034236804564905,1.4670005911089095,2011.6103710949187
UT,Utah,2,high_supply,30.75696546297303,2.5555555555555554,2.588457489458126,2013.088610328499
VA,Virginia,2,high_supply,30.92349235800151,2.7709923664122136,2.632033282814527,2011.784194448448
VT,Vermont,2,high_supply,48.30572710215341,2.2916666666666665,2.1745343390036904,2011.2195558510025
WA,Washington,2,high_supply,31.540411591315863,2.725225225225225,1.573768990741946,2011.950861269254
WI,Wisconsin,1,low_supply,25.466973857080298,2.1401869158878504,1.768067610905441,2011.5213545403944
WV,West Virginia,1,low_supply,24.31723506344511,2.039473684210526,1.4501103478201216,2010.8269596938917
WY,Wyoming,1,low_supply,26.646871847579895,2.3448275862068964,1.2112214476172678,2010.3394744369896
