practice_state,state_name,provider_count,taxonomy_diversity,avg_provider_enum_year,recent_provider_growth,state_population,providers_per_100k,growth_per_100k,pct_recent_entrants,provider_enum_year_centered,female_25_44_pop,providers_per_100k_demand,pct_female_25_44,predicted_density_in_sample,residual_in_sample,predicted_provider_density,residual
AK,Alaska,372,2.6551724137931036,2012.632329066187,22.0,734821.0,50.624573875814654,2.993926412010544,0.0591397849462365,2.6323290661869123,103934,357.9194488810207,0.141441248957229,32.70421372454061,17.920360151274046,32.66389617062451,17.960677705190143
AL,Alabama,1077,2.265151515151515,2012.0660137021232,65.0,5028092.0,21.41965580582058,1.2927368870736653,0.0603528319405756,2.0660137021234277,670040,160.73667243746644,0.1332592959715136,26.648988749543687,-5.229332943723108,26.273085096620218,-4.853429290799639
AR,Arkansas,619,2.21978021978022,2010.428625548348,24.0,3018669.0,20.50572619919574,0.7950523889833565,0.0387722132471728,0.428625548348009,395163,156.6442202331696,0.1309063696615958,25.944581878432157,-5.438855679236418,25.53897565948183,-5.033249460286093
AZ,Arizona,1991,2.901554404145078,2011.71290411484,136.0,7172282.0,27.75964469885596,1.896188688621,0.0683073832245103,1.7129041148400574,983235,202.49482575376183,0.1370881680335491,36.52938921273851,-8.769744513882546,36.94706258930614,-9.187417890450181
CA,California,10413,2.8145077720207254,2011.0979507896816,376.0,39356104.0,26.458411635460667,0.9553791198437732,0.0361087102660136,1.097950789681363,5522825,188.54481175847505,0.1403295661582762,35.17795665447164,-8.719545019010976,36.0542942987843,-9.595882663323632
CO,Colorado,2370,2.9895833333333335,2011.9725327642748,163.0,5770790.0,41.068900445173014,2.8245699462291993,0.0687763713080168,1.9725327642747743,880056,269.3010444789877,0.15250182384041,37.8960723120275,3.172828133145515,37.994421900837864,3.0744785443351503
CT,Connecticut,1364,2.9224806201550386,2009.7915591844903,49.0,3611317.0,37.770154212438285,1.3568457158427245,0.0359237536656891,-0.2084408155096753,470950,289.6273489754751,0.1304094877298226,36.85427679249905,0.9158774199392354,37.84849134598727,-0.07833713354898464
DC,District of Columbia,451,3.4642857142857144,2012.2162456796975,18.0,670587.0,67.25450985479885,2.684215470923236,0.0399113082039911,2.2162456796977494,143029,315.32066923491044,0.2132892525503775,45.2660099816364,21.988499873162453,40.495175767629284,26.75933408716957
DE,Delaware,346,2.90625,2009.8469828090008,15.0,993635.0,34.82163973692553,1.5096086591152686,0.0433526011560693,-0.1530171909992077,131612,262.8939610369875,0.1324550765623191,36.60229015059146,-1.7806504136659242,37.578785292478166,-2.7571455555526327
FL,Florida,6693,2.8849840255591053,2011.8814186086215,410.0,21634529.0,30.936656859966767,1.895118678109424,0.0612580307784252,1.8814186086217433,2966425,225.6251211475092,0.1371153030417255,36.27212769006523,-5.3354708300984655,36.32730981241717,-5.390652952450402
GA,Georgia,3360,2.961267605633803,2010.7939270104569,196.0,10722325.0,31.336487189112436,1.8279617526982253,0.0583333333333333,0.7939270104566276,1560161,215.36238888166028,0.1455058487781334,37.45645971139871,-6.119972522286272,35.24384471447393,-3.907357525361494
HI,Hawaii,501,2.511111111111111,2011.7477181153984,38.0,1450589.0,34.53769468815771,2.6196255452095665,0.0758483033932135,1.747718115398584,187898,266.63402484326605,0.1295322107088913,30.467606401782202,4.070088286375505,30.367423257684838,4.170271430472869
IA,Iowa,740,2.2110091743119265,2010.956683311568,55.0,3188836.0,23.205959792225123,1.7247672818545705,0.0743243243243243,0.9566833115679856,400635,184.70677798994095,0.1256367527210556,25.80840801246389,-2.6024482202387667,24.73171657506728,-1.5257567828421585
ID,Idaho,514,2.3181818181818183,2012.9995228430537,46.0,1854109.0,27.722210506502048,2.4809760375468755,0.0894941634241245,2.9995228430536827,255769,200.96258733466524,0.137947121771158,27.472304670457536,0.2499058360445119,26.627538704557395,1.0946718019446529
IL,Illinois,3771,2.7,2010.282416522371,225.0,12757634.0,29.55877241814587,1.7636499056172956,0.0596658711217183,0.2824165223710224,1713241,220.1091381772909,0.1342914367977636,33.40017930103724,-3.84140688289137,32.516303365465035,-2.9575309473191638
IN,Indiana,1771,2.5588235294117645,2010.048794304459,90.0,6784403.0,26.10399175874429,1.3265721390666207,0.0508187464709203,0.0487943044590792,904747,195.7453299099085,0.1333569070115675,31.208360109898518,-5.104368351154228,31.805560278777108,-5.7015685200328186
KS,Kansas,698,2.3,2011.8564868496596,55.0,2935922.0,23.77447357252679,1.873346771474174,0.0787965616045845,1.856486849659632,379530,183.91168023608148,0.1292711454868351,27.190024926144215,-3.415551353617424,27.00211321771206,-3.2276396451852705
KY,Kentucky,1120,2.3093525179856114,2010.440443821661,51.0,4502935.0,24.872666383147877,1.1325946299469123,0.0455357142857142,0.4404438216608923,586869,190.84327166710116,0.1303303289965322,27.335226377355742,-2.462559994207865,26.471353486991973,-1.598687103844096
LA,Louisiana,1222,2.422222222222222,2010.6436776429175,67.0,4640546.0,26.333108216145256,1.4437956223254764,0.0548281505728314,0.6436776429177371,613117,199.30943033711347,0.1321217373990043,29.087572096250415,-2.7544638801051597,29.616401661667023,-3.2832934455217675
MA,Massachusetts,2523,2.6188524590163933,2010.9920639511176,116.0,6984205.0,36.12436920164858,1.660890538006831,0.0459770114942528,0.992063951117416,977940,257.991287809068,0.1400216631671035,32.14033240940935,3.9840367922392232,32.80306780131094,3.3213014003376387
MD,Maryland,2356,3.10989010989011,2012.328196780085,303.0,6161707.0,38.23615761022067,4.917468487222778,0.1286078098471986,2.328196780084909,855736,275.3185561902269,0.1388796968112894,39.76388144893585,-1.5277238387151755,36.79541106641006,1.4407465438106115
ME,Maine,511,2.236842105263158,2011.0712926018657,25.0,1366949.0,37.382521220616134,1.828890470675936,0.0489236790606653,1.0712926018654798,175786,290.694367014438,0.128597336111296,26.209474235371633,11.1730469852445,25.81503767282967,11.567483547786463
MI,Michigan,3377,2.5074626865671643,2010.7995367402332,258.0,10057921.0,33.57552718896878,2.565142438482068,0.0763991708617115,0.7995367402331794,1283323,263.1449759725338,0.1275932670379892,30.410963202674555,3.1645639862942225,30.506281945698177,3.0692452432706006
MN,Minnesota,1801,2.3655913978494625,2011.74059028468,125.0,5695292.0,31.622610394690916,2.194795280031296,0.0694058856191005,1.7405902846799108,759694,237.06913573096537,0.1333898244374476,28.208356691919686,3.41425370277123,27.89820655612971,3.724403838561205
MO,Missouri,1829,2.319371727748691,2011.686953259661,120.0,6154422.0,29.71846909425451,1.9498175458231497,0.0656096227446692,1.6869532596613226,816345,224.04743092687525,0.1326436503704166,27.490778475713643,2.2276906185408656,26.648587517085595,3.069881577168914
MS,Mississippi,648,2.3780487804878048,2011.215079723912,38.0,2958846.0,21.90043010011335,1.284284481179487,0.0586419753086419,1.2150797239119129,383590,168.93036836205323,0.129641758983063,28.40176236514773,-6.501332265034378,28.246284323632675,-6.345854223519325
MT,Montana,377,2.3958333333333335,2010.8703263505856,19.0,1091840.0,34.52886869871043,1.7401817116060962,0.0503978779840848,0.8703263505856285,140538,268.2548492222744,0.128716661781946,28.677874411795674,5.850994286914759,28.52978685427865,5.999081844431782
NC,North Carolina,3368,2.772893772893773,2011.4383992252024,204.0,10470214.0,32.167441849803645,1.9483842450593656,0.0605700712589073,1.438399225202602,1483092,227.09312706157135,0.1416486807241953,34.531883257634036,-2.364441407830391,34.54048556289109,-2.3730437130874478
ND,North Dakota,167,2.227272727272727,2010.4297628969289,5.0,776874.0,21.49640739682368,0.6436050118809485,0.029940119760479,0.4297628969286506,107343,155.57605060413815,0.1381729855806733,26.060905948890937,-4.564498552067256,27.581197920456052,-6.084790523632371
NE,Nebraska,507,2.5,2012.4526857340013,49.0,1958939.0,25.881357204078327,2.5013540493093456,0.0966469428007889,2.452685734001306,257437,196.9413876016268,0.1314165474269489,30.295102113590726,-4.413744909512399,30.07294330243195,-4.191586098353621
NH,New Hampshire,561,2.5185185185185186,2010.552954241689,24.0,1379610.0,40.66366581860091,1.7396220671059213,0.0427807486631016,0.5529542416888944,173291,323.732911691894,0.1256086865128551,30.582609260576515,10.081056558024397,30.171379148658303,10.492286669942608
NJ,New Jersey,3036,2.7868852459016393,2010.079035725436,163.0,9249063.0,32.82494670000626,1.7623406825102177,0.0536890645586297,0.0790357254361424,1251776,242.53540569558777,0.1353408447969269,34.749106275911544,-1.9241595759052856,34.91863145316818,-2.0936847531619236
NM,New Mexico,781,2.736842105263158,2010.4223490455893,44.0,2112463.0,36.971061741673104,2.0828767178407386,0.056338028169014,0.4223490455892715,269875,289.39323761000463,0.1277537168698339,33.97216720398791,2.998894537685196,34.03339721777136,2.937664523901745
NV,Nevada,701,2.753623188405797,2011.9725212012563,35.0,3104817.0,22.577820206472715,1.1272806094529886,0.0499286733238231,1.9725212012565407,455349,153.94785098902162,0.1466588852096597,34.232699996222166,-11.654879789749451,35.042568276644,-12.464748070171282
NY,New York,7171,3.0530035335689045,2010.384919509155,311.0,19994379.0,35.86507988070047,1.555437155612585,0.0433691256449588,0.3849195091549973,2718952,263.7413238630178,0.1359858188143777,38.8806953969013,-3.015615516200832,39.005699093969795,-3.140619213269325
OH,Ohio,3402,2.6572237960339944,2010.933454099082,167.0,11774683.0,28.89249757297076,1.418297205962997,0.0490887713109935,0.9334540990819278,1532841,221.94082752222832,0.1301810842805704,32.73606222553522,-3.84356465256446,32.61683083014617,-3.7243332571754095
OK,Oklahoma,923,2.2142857142857144,2011.2734419461856,43.0,3970497.0,23.24646007791971,1.0829878476170616,0.0465872156013001,1.273441946185585,542298,170.20162346163917,0.1365818939039621,25.859277560095716,-2.6128174821760055,26.080336380080375,-2.8338763021606646
OR,Oregon,1624,2.713235294117647,2011.532163328852,73.0,4229374.0,38.398117546473785,1.7260237567072576,0.0449507389162561,1.5321633288519934,590797,274.8829124047685,0.1396889941632024,33.60566235020649,4.792455196267298,33.52309918759498,4.875018358878805
PA,Pennsylvania,4201,2.548235294117647,2010.921853452619,260.0,12989208.0,32.34223364503825,2.001661687148285,0.0618900261842418,0.9218534526189616,1665284,252.26928259684232,0.1282051992700401,31.043973670563123,1.2982599744751262,30.931933540472336,1.4103001045659127
RI,Rhode Island,431,3.1379310344827585,2011.1350459972305,20.0,1094250.0,39.3877084761252,1.8277358921635825,0.0464037122969837,1.135045997230236,146246,294.7089151156271,0.1336495316426776,40.199227625273565,-0.8115191491483671,40.394693845916095,-1.0069853697908968
SC,South Carolina,1480,2.7401574803149606,2010.5565831196352,127.0,5142750.0,28.77837732730543,2.4694958922755337,0.0858108108108108,0.5565831196354338,706407,209.51094765482225,0.1373597783287151,34.02363968119381,-5.245262353888382,34.09204428631245,-5.313666959007019
SD,South Dakota,209,1.8214285714285712,2011.0736082871515,8.0,890342.0,23.474125673055973,0.8985311262413769,0.0382775119617224,1.0736082871517283,111693,187.1200522861773,0.1254495463540976,19.760018799040065,3.7141068740159078,19.093629500386065,4.380496172669908
TN,Tennessee,1962,2.4454976303317535,2012.2329333543908,149.0,6923772.0,28.337154949643057,2.1520061608036776,0.0759429153924566,2.2329333543907524,980861,200.02834244607547,0.141665698986044,29.448931789997484,-1.1117768403544268,29.85938868594735,-1.522233736304294
TX,Texas,7704,2.6034236804564905,2011.6103710949187,429.0,29243342.0,26.344458167606152,1.4670005911089097,0.0556853582554517,1.6103710949187189,4433131,173.7823673606758,0.1515945407334086,31.90079466772676,-5.556336500120608,31.67330239229276,-5.328844224686609
UT,Utah,1010,2.5555555555555554,2013.088610328499,85.0,3283809.0,30.75696546297303,2.588457489458126,0.0841584158415841,3.088610328499044,487259,207.28195887608027,0.1483822597477502,31.157623554548085,-0.4006580915750533,31.07590958188963,-0.3189441189165976
VA,Virginia,2667,2.7709923664122136,2011.784194448448,227.0,8624511.0,30.92349235800151,2.632033282814527,0.0851143607049118,1.7841944484478065,1192874,223.57767878250343,0.1383120735772729,34.502363188184276,-3.5788708301827654,34.51017535188997,-3.5866829938884592
VT,Vermont,311,2.2916666666666665,2011.2195558510025,14.0,643816.0,48.30572710215341,2.1745343390036904,0.045016077170418,1.2195558510022693,78274,397.3222270485729,0.1215782148936963,27.060646710000608,21.245080392152804,26.158500998720505,22.147226103432907
WA,Washington,2425,2.725225225225225,2011.950861269254,121.0,7688549.0,31.540411591315863,1.573768990741946,0.0498969072164948,1.950861269253892,1154902,209.97452597709588,0.1502106574335417,33.791810658012466,-2.251399066696603,34.570676105921784,-3.0302645146059213
WI,Wisconsin,1498,2.1401869158878504,2011.5213545403944,104.0,5882128.0,25.466973857080298,1.768067610905441,0.0694259012016021,1.5213545403942137,745354,200.9783270767984,0.1267150255825782,24.708865117483686,0.7581087395966115,24.84902825415824,0.617945602922056
WV,West Virginia,436,2.039473684210526,2010.8269596938917,26.0,1792967.0,24.31723506344511,1.4501103478201216,0.0596330275229357,0.8269596938916948,207855,209.76161266267349,0.1159279562869813,23.145253326707312,1.1719817367377985,23.175465075895666,1.141769987549445
WY,Wyoming,154,2.3448275862068964,2010.3394744369896,7.0,577929.0,26.646871847579895,1.2112214476172678,0.0454545454545454,0.3394744369895761,76276,201.89836908070689,0.1319816101977924,27.885990502640848,-1.2391186550609525,28.80842904902261,-2.161557201442715
