practice_state,state_name,provider_count,state_population,providers_per_100k,density_rank,density_percentile,taxonomy_diversity,recent_provider_growth,predicted_provider_density,regression_residual_diagnostic
AR,Arkansas,619,3018669.0,20.50572619919574,1,2.0,2.21978021978022,24.0,25.53897565948183,-5.033249460286093
AL,Alabama,1077,5028092.0,21.41965580582058,2,3.9,2.265151515151515,65.0,26.273085096620218,-4.853429290799639
ND,North Dakota,167,776874.0,21.49640739682368,3,5.9,2.227272727272727,5.0,27.581197920456052,-6.084790523632371
MS,Mississippi,648,2958846.0,21.90043010011335,4,7.8,2.3780487804878048,38.0,28.246284323632675,-6.345854223519325
NV,Nevada,701,3104817.0,22.577820206472715,5,9.8,2.753623188405797,35.0,35.042568276644,-12.464748070171282
IA,Iowa,740,3188836.0,23.205959792225123,6,11.8,2.2110091743119265,55.0,24.73171657506728,-1.5257567828421583
OK,Oklahoma,923,3970497.0,23.24646007791971,7,13.7,2.2142857142857144,43.0,26.080336380080375,-2.833876302160665
SD,South Dakota,209,890342.0,23.474125673055973,8,15.7,1.8214285714285712,8.0,19.093629500386065,4.380496172669908
KS,Kansas,698,2935922.0,23.77447357252679,9,17.6,2.3,55.0,27.00211321771206,-3.2276396451852705
WV,West Virginia,436,1792967.0,24.31723506344511,10,19.6,2.039473684210526,26.0,23.175465075895666,1.141769987549445
KY,Kentucky,1120,4502935.0,24.872666383147877,11,21.6,2.3093525179856114,51.0,26.471353486991973,-1.598687103844096
WI,Wisconsin,1498,5882128.0,25.466973857080298,12,23.5,2.1401869158878504,104.0,24.84902825415824,0.617945602922056
NE,Nebraska,507,1958939.0,25.881357204078327,13,25.5,2.5,49.0,30.07294330243195,-4.191586098353621
IN,Indiana,1771,6784403.0,26.10399175874429,14,27.5,2.5588235294117645,90.0,31.805560278777108,-5.7015685200328186
LA,Louisiana,1222,4640546.0,26.333108216145256,15,29.4,2.422222222222222,67.0,29.616401661667023,-3.2832934455217675
TX,Texas,7704,29243342.0,26.344458167606152,16,31.4,2.6034236804564905,429.0,31.67330239229276,-5.328844224686609
CA,California,10413,39356104.0,26.458411635460667,17,33.3,2.8145077720207254,376.0,36.0542942987843,-9.595882663323632
WY,Wyoming,154,577929.0,26.646871847579895,18,35.3,2.3448275862068964,7.0,28.80842904902261,-2.161557201442715
ID,Idaho,514,1854109.0,27.722210506502048,19,37.3,2.3181818181818183,46.0,26.627538704557395,1.0946718019446529
AZ,Arizona,1991,7172282.0,27.75964469885596,20,39.2,2.901554404145078,136.0,36.94706258930614,-9.18741789045018
TN,Tennessee,1962,6923772.0,28.337154949643057,21,41.2,2.4454976303317535,149.0,29.85938868594735,-1.522233736304294
SC,South Carolina,1480,5142750.0,28.77837732730543,22,43.1,2.7401574803149606,127.0,34.09204428631245,-5.313666959007019
OH,Ohio,3402,11774683.0,28.89249757297076,23,45.1,2.6572237960339944,167.0,32.61683083014617,-3.7243332571754095
IL,Illinois,3771,12757634.0,29.55877241814587,24,47.1,2.7,225.0,32.516303365465035,-2.957530947319164
MO,Missouri,1829,6154422.0,29.71846909425451,25,49.0,2.319371727748691,120.0,26.648587517085595,3.069881577168914
UT,Utah,1010,3283809.0,30.75696546297303,26,51.0,2.5555555555555554,85.0,31.07590958188963,-0.3189441189165976
VA,Virginia,2667,8624511.0,30.92349235800151,27,52.9,2.7709923664122136,227.0,34.51017535188997,-3.5866829938884592
FL,Florida,6693,21634529.0,30.936656859966767,28,54.9,2.8849840255591053,410.0,36.32730981241717,-5.390652952450402
GA,Georgia,3360,10722325.0,31.336487189112436,29,56.9,2.961267605633803,196.0,35.24384471447393,-3.907357525361494
WA,Washington,2425,7688549.0,31.540411591315863,30,58.8,2.725225225225225,121.0,34.570676105921784,-3.0302645146059213
MN,Minnesota,1801,5695292.0,31.622610394690916,31,60.8,2.3655913978494625,125.0,27.89820655612971,3.724403838561205
NC,North Carolina,3368,10470214.0,32.167441849803645,32,62.7,2.772893772893773,204.0,34.54048556289109,-2.373043713087448
PA,Pennsylvania,4201,12989208.0,32.34223364503825,33,64.7,2.548235294117647,260.0,30.931933540472336,1.4103001045659127
NJ,New Jersey,3036,9249063.0,32.82494670000626,34,66.7,2.7868852459016393,163.0,34.91863145316818,-2.0936847531619236
MI,Michigan,3377,10057921.0,33.57552718896878,35,68.6,2.5074626865671643,258.0,30.506281945698177,3.069245243270601
MT,Montana,377,1091840.0,34.52886869871043,36,70.6,2.3958333333333335,19.0,28.52978685427865,5.999081844431782
HI,Hawaii,501,1450589.0,34.53769468815771,37,72.5,2.511111111111111,38.0,30.36742325768484,4.170271430472869
DE,Delaware,346,993635.0,34.82163973692553,38,74.5,2.90625,15.0,37.578785292478166,-2.7571455555526327
NY,New York,7171,19994379.0,35.86507988070047,39,76.5,3.0530035335689045,311.0,39.005699093969795,-3.140619213269325
MA,Massachusetts,2523,6984205.0,36.12436920164858,40,78.4,2.6188524590163933,116.0,32.80306780131094,3.3213014003376387
NM,New Mexico,781,2112463.0,36.971061741673104,41,80.4,2.736842105263158,44.0,34.03339721777136,2.937664523901745
ME,Maine,511,1366949.0,37.382521220616134,42,82.4,2.236842105263158,25.0,25.81503767282967,11.567483547786464
CT,Connecticut,1364,3611317.0,37.770154212438285,43,84.3,2.9224806201550386,49.0,37.84849134598727,-0.0783371335489846
MD,Maryland,2356,6161707.0,38.23615761022067,44,86.3,3.10989010989011,303.0,36.79541106641006,1.4407465438106115
OR,Oregon,1624,4229374.0,38.398117546473785,45,88.2,2.713235294117647,73.0,33.52309918759498,4.875018358878805
RI,Rhode Island,431,1094250.0,39.3877084761252,46,90.2,3.1379310344827585,20.0,40.394693845916095,-1.0069853697908968
NH,New Hampshire,561,1379610.0,40.66366581860091,47,92.2,2.5185185185185186,24.0,30.171379148658303,10.492286669942608
CO,Colorado,2370,5770790.0,41.068900445173014,48,94.1,2.9895833333333335,163.0,37.994421900837864,3.0744785443351503
VT,Vermont,311,643816.0,48.30572710215341,49,96.1,2.2916666666666665,14.0,26.158500998720505,22.147226103432907
AK,Alaska,372,734821.0,50.624573875814654,50,98.0,2.6551724137931036,22.0,32.66389617062451,17.960677705190143
DC,District of Columbia,451,670587.0,67.25450985479885,51,100.0,3.4642857142857144,18.0,40.49517576762928,26.75933408716957
