practice_state,state_name,provider_count,taxonomy_diversity,avg_provider_enum_year,recent_provider_growth,state_population,providers_per_100k,female_25_44_pop,providers_per_100k_demand
AK,Alaska,372,2.6551724137931036,2012.632329066187,22.0,734821.0,50.624573875814654,103934,357.9194488810207
AL,Alabama,1077,2.265151515151515,2012.0660137021234,65.0,5028092.0,21.41965580582058,670040,160.73667243746644
AR,Arkansas,619,2.21978021978022,2010.428625548348,24.0,3018669.0,20.50572619919574,395163,156.6442202331696
AZ,Arizona,1991,2.901554404145078,2011.71290411484,136.0,7172282.0,27.759644698855958,983235,202.49482575376183
CA,California,10413,2.8145077720207254,2011.0979507896814,376.0,39356104.0,26.458411635460667,5522825,188.54481175847505
CO,Colorado,2370,2.9895833333333335,2011.9725327642748,163.0,5770790.0,41.068900445173014,880056,269.3010444789877
CT,Connecticut,1364,2.9224806201550386,2009.7915591844903,49.0,3611317.0,37.770154212438285,470950,289.6273489754751
DC,District of Columbia,451,3.4642857142857144,2012.2162456796977,18.0,670587.0,67.25450985479885,143029,315.32066923491044
DE,Delaware,346,2.90625,2009.8469828090008,15.0,993635.0,34.82163973692553,131612,262.8939610369875
FL,Florida,6693,2.8849840255591053,2011.8814186086217,410.0,21634529.0,30.936656859966767,2966425,225.62512114750922
GA,Georgia,3360,2.961267605633803,2010.7939270104566,196.0,10722325.0,31.336487189112436,1560161,215.36238888166028
HI,Hawaii,501,2.511111111111111,2011.7477181153986,38.0,1450589.0,34.53769468815771,187898,266.63402484326605
IA,Iowa,740,2.2110091743119265,2010.956683311568,55.0,3188836.0,23.205959792225123,400635,184.70677798994097
ID,Idaho,514,2.3181818181818183,2012.9995228430537,46.0,1854109.0,27.722210506502048,255769,200.96258733466524
IL,Illinois,3771,2.7,2010.282416522371,225.0,12757634.0,29.55877241814587,1713241,220.1091381772909
IN,Indiana,1771,2.5588235294117645,2010.048794304459,90.0,6784403.0,26.103991758744286,904747,195.7453299099085
KS,Kansas,698,2.3,2011.8564868496596,55.0,2935922.0,23.77447357252679,379530,183.91168023608148
KY,Kentucky,1120,2.3093525179856114,2010.440443821661,51.0,4502935.0,24.872666383147877,586869,190.84327166710116
LA,Louisiana,1222,2.422222222222222,2010.6436776429177,67.0,4640546.0,26.333108216145256,613117,199.30943033711347
MA,Massachusetts,2523,2.6188524590163933,2010.9920639511174,116.0,6984205.0,36.12436920164858,977940,257.991287809068
MD,Maryland,2356,3.10989010989011,2012.328196780085,303.0,6161707.0,38.23615761022067,855736,275.3185561902269
ME,Maine,511,2.236842105263158,2011.0712926018655,25.0,1366949.0,37.382521220616134,175786,290.694367014438
MI,Michigan,3377,2.5074626865671643,2010.7995367402332,258.0,10057921.0,33.57552718896878,1283323,263.1449759725338
MN,Minnesota,1801,2.3655913978494625,2011.74059028468,125.0,5695292.0,31.622610394690916,759694,237.06913573096534
MO,Missouri,1829,2.319371727748691,2011.6869532596613,120.0,6154422.0,29.71846909425451,816345,224.04743092687525
MS,Mississippi,648,2.3780487804878048,2011.215079723912,38.0,2958846.0,21.900430100113354,383590,168.93036836205323
MT,Montana,377,2.3958333333333335,2010.8703263505856,19.0,1091840.0,34.52886869871043,140538,268.2548492222744
NC,North Carolina,3368,2.772893772893773,2011.4383992252026,204.0,10470214.0,32.167441849803645,1483092,227.09312706157138
ND,North Dakota,167,2.227272727272727,2010.4297628969287,5.0,776874.0,21.49640739682368,107343,155.57605060413815
NE,Nebraska,507,2.5,2012.4526857340013,49.0,1958939.0,25.881357204078327,257437,196.9413876016268
NH,New Hampshire,561,2.5185185185185186,2010.552954241689,24.0,1379610.0,40.66366581860091,173291,323.732911691894
NJ,New Jersey,3036,2.7868852459016393,2010.0790357254361,163.0,9249063.0,32.82494670000626,1251776,242.53540569558774
NM,New Mexico,781,2.736842105263158,2010.4223490455893,44.0,2112463.0,36.971061741673104,269875,289.39323761000463
NV,Nevada,701,2.753623188405797,2011.9725212012565,35.0,3104817.0,22.577820206472715,455349,153.94785098902162
NY,New York,7171,3.0530035335689045,2010.384919509155,311.0,19994379.0,35.86507988070047,2718952,263.7413238630178
OH,Ohio,3402,2.6572237960339944,2010.933454099082,167.0,11774683.0,28.892497572970758,1532841,221.94082752222832
OK,Oklahoma,923,2.2142857142857144,2011.2734419461856,43.0,3970497.0,23.246460077919714,542298,170.20162346163917
OR,Oregon,1624,2.713235294117647,2011.532163328852,73.0,4229374.0,38.398117546473785,590797,274.8829124047685
PA,Pennsylvania,4201,2.548235294117647,2010.921853452619,260.0,12989208.0,32.34223364503825,1665284,252.26928259684234
RI,Rhode Island,431,3.1379310344827585,2011.1350459972302,20.0,1094250.0,39.3877084761252,146246,294.7089151156271
SC,South Carolina,1480,2.7401574803149606,2010.5565831196354,127.0,5142750.0,28.77837732730543,706407,209.51094765482222
SD,South Dakota,209,1.8214285714285714,2011.0736082871517,8.0,890342.0,23.474125673055973,111693,187.1200522861773
TN,Tennessee,1962,2.4454976303317535,2012.2329333543908,149.0,6923772.0,28.337154949643054,980861,200.02834244607547
TX,Texas,7704,2.6034236804564905,2011.6103710949187,429.0,29243342.0,26.344458167606152,4433131,173.7823673606758
UT,Utah,1010,2.5555555555555554,2013.088610328499,85.0,3283809.0,30.75696546297303,487259,207.28195887608027
VA,Virginia,2667,2.7709923664122136,2011.7841944484478,227.0,8624511.0,30.92349235800151,1192874,223.57767878250345
VT,Vermont,311,2.2916666666666665,2011.2195558510023,14.0,643816.0,48.30572710215341,78274,397.3222270485729
WA,Washington,2425,2.725225225225225,2011.950861269254,121.0,7688549.0,31.540411591315866,1154902,209.97452597709588
WI,Wisconsin,1498,2.1401869158878504,2011.5213545403942,104.0,5882128.0,25.466973857080294,745354,200.97832707679842
WV,West Virginia,436,2.039473684210526,2010.8269596938917,26.0,1792967.0,24.317235063445114,207855,209.76161266267349
WY,Wyoming,154,2.3448275862068964,2010.3394744369896,7.0,577929.0,26.646871847579895,76276,201.89836908070689
